title,free,from_price,date,image_url,event_url,event_id,address,location,lng,lat
基隆市 | STEPC WAVE PARTY｜浪趴郵輪派對,False,HK$ 6917,9月24日(週三) - 9月26日(週五),https://res.klook.com/image/upload/展演頁面活動首圖_直式_1_eijcnh.png,https://www.klook.com/zh-TW/activity/156235-stepc-wave-party-wave-party-cruise/,101029488,,,,
台北 | 台北｜大稻埕葉晋發商號｜展覽導覽,False,HK$ 77,5月11日(週日) - 12月31日(週三),https://res.klook.com/image/upload/截圖_2025-05-09_11.08.09_mlpxza.png,https://www.klook.com/zh-TW/activity/148490-taipei-dadaocheng-ye-jinfa-store-exhibition-tour/,101029482,,,,
台北 | Horus — The Eye of Truth【Darren Porter】,False,HK$ 257,6月21日(週六),https://res.klook.com/image/upload/Darren-Porter_326x460_tbzmmh.jpg,https://www.klook.com/zh-TW/activity/156100-horus-the-eye-of-truth-darren-porter/,101029481,,,,
台北 | 吳利昂 《混血兒Mixed Race》新專輯音樂分享會,False,HK$ 129,6月14日(週六),https://res.klook.com/image/upload/演唱會-326_460_jqmim2.jpg,https://www.klook.com/zh-TW/activity/156275-wu-li-ang-mixed-race-new-album-music-sharing-session/,101029480,,,,
台北 | 自造自然：超越有機的共生,False,HK$ 45,5月11日(週日) - 6月23日(週一),https://res.klook.com/image/upload/Klook_326_460_pcvjjn.jpg,https://www.klook.com/zh-TW/activity/156106-crafting-nature-symbiosis-beyond-organic/,101029479,,,,
台中 | 2025兒童夜訪歌劇院【7月、8月】,False,HK$ 167,7月18日(週五) - 8月22日(週五),"https://res.klook.com/image/upload/x_0,y_2,w_326,h_456,c_crop/v1746525517/events_admin/xbapiyk7p6edmeqmpzsw.jpg",https://www.klook.com/zh-TW/event-detail/101029463-2025-ntt-family-night-tour/,101029463,,,,
台北 | 蘇志燮x玉澤演見面會2025台北站｜2025 SOJISUB & OKTAECYEON FANMEETING : SONICe parTY IN TAIPEI｜台北國際會議中心 TICC,False,HK$ 977,5月25日(週日),"https://res.klook.com/image/upload/x_58,y_0,w_964,h_1350,c_crop/v1746419790/events_admin/ir20exliullys5nrbxkh.jpg",https://www.klook.com/zh-TW/event-detail/101029455-2025-sojisub-oktaecyeon-taipei/,101029455,,,,
台北 | IRENE & SEULGI演唱會2025台北站｜2025 IRENE & SEULGI Concert Tour [BALANCE] in TAIPEI｜台北國際會議中心 TICC,False,HK$ 689,8月3日(週日),"https://res.klook.com/image/upload/x_0,y_2,w_326,h_456,c_crop/v1746418390/events_admin/yddfg7ueoiubde1ngyhi.jpg",https://www.klook.com/zh-TW/event-detail/101029454-2025-irene-seulgi-taipei/,101029454,,,,
桃園 | 邊伯賢演唱會2025台北站｜2025 BAEKHYUN WORLD TOUR [Reverie] IN TAIPEI｜林口體育館,False,,9月20日(週六) - 9月21日(週日),"https://res.klook.com/image/upload/x_88,y_0,w_1463,h_2048,c_crop/v1746414615/events_admin/uhkt47xdgo3gkzn6vdpl.jpg",https://www.klook.com/zh-TW/event-detail/101029453-2025-baekhyun-concert-taipei/,101029453,,,,
台北 | Protection｜日本藝術家 Akiko SUMIYOSHI x U-die 雙人展覽｜也趣藝廊,True,,5月10日(週六) - 5月31日(週六),"https://res.klook.com/image/upload/x_0,y_2,w_326,h_456,c_crop/v1746413258/events_admin/fqc6kwjlytfepjzxi4gd.jpg",https://www.klook.com/zh-TW/event-detail/101029452-2025-protection-art-exhibition/,101029452,,,,
台北 | 摩登時代：唱片轉動 · 流行誕生,False,HK$ 39,5月24日(週六) - 8月10日(週日),https://res.klook.com/image/upload/KLOOK_W326_H460_qjaell.jpg,https://www.klook.com/zh-TW/activity/153542-modern-times-the-spinning-records-and-the-birth-of-pop/,101029449,,,,
台北 | 兒童新樂園超值星光場: K-POP狂歡音樂派對,False,HK$ 12,6月28日(週六) - 6月29日(週日),https://res.klook.com/image/upload/星動樂園_326x460_1_x7qyfo.jpg,https://www.klook.com/zh-TW/activity/155220-starry-land-k-pop-carnival-music-festival/,101029443,,,,
桃園 | RIIZE演唱會2025台北站｜2025 RIIZE CONCERT TOUR [RIIZING LOUD] IN TAIPEI｜林口體育館,False,,8月30日(週六),"https://res.klook.com/image/upload/x_0,y_0,w_1365,h_1911,c_crop/v1746162608/events_admin/fu0x0mu5j8x1i39o3vtq.jpg",https://www.klook.com/zh-TW/event-detail/101029441-2025-riize-taipei-concert/,101029441,,,,
"台北 | 京都新銳樂團Hakubi演唱會2025台北站｜Hakubi ep release tour ""27"" in TAIPEI｜SUB LIVE｜北流",False,HK$ 463,6月28日(週六),"https://res.klook.com/image/upload/x_0,y_2,w_326,h_456,c_crop/v1746160406/events_admin/btkb1tdvsv5m55ncv9zv.jpg",https://www.klook.com/zh-TW/event-detail/101029440-2025-hakubi-concert-taipei/,101029440,,,,
高雄 | 孫燕姿演唱會2025高雄站｜國泰世華銀行 孫燕姿 《就在日落以後》巡迴演唱會 - 高雄｜高雄巨蛋,False,,8月16日(週六) - 8月17日(週日),"https://res.klook.com/image/upload/x_0,y_2,w_326,h_456,c_crop/v1746157043/events_admin/xjd50lgiuuekuuunnz3x.jpg",https://www.klook.com/zh-TW/event-detail/101029439-2025-sun-yanzi-kaohsiung/,101029439,,,,
台北 | 大聲演唱會2025台北站｜DAESUNG 2025 ASIA TOUR：D's WAVE IN TAIPEI｜台北流行音樂中心,False,HK$ 977,6月28日(週六),"https://res.klook.com/image/upload/x_0,y_5,w_1022,h_1431,c_crop/v1746155417/events_admin/vam2bucy1e9lucbxbv6f.jpg",https://www.klook.com/zh-TW/event-detail/101029438-2025-daesung-taipei-concert/,101029438,,,,
屏東縣 | 飛人集社劇團《消失—神木下的夢》,False,HK$ 103,8月2日(週六) - 8月3日(週日),"https://res.klook.com/image/upload/x_0,y_13,w_1685,h_2359,c_crop/v1746091985/events_admin/bdrtaxmjfvhyplzbio4u.jpg",https://www.klook.com/zh-TW/event-detail/101029437-2025-la-disparition-show/,101029437,,,,
台中 | 2025中友兒童劇場-地球寶貝大冒險,False,,5月16日(週五) - 5月18日(週日),"https://res.klook.com/image/upload/x_0,y_2,w_326,h_456,c_crop/v1745980423/events_admin/bt75eqsrexmmh7zgxv95.jpg",https://www.klook.com/zh-TW/event-detail/101029428-2025-family-show/,101029428,,,,
台中 | Bloom : Boom —— 抽象藝術聯展 ,True,,4月26日(週六) - 6月8日(週日),"https://res.klook.com/image/upload/x_0,y_2,w_326,h_456,c_crop/v1745918278/events_admin/dhuy2czu9dtspxssjtrr.jpg",https://www.klook.com/zh-TW/event-detail/101029424-2025-bloom-boom-exhibition/,101029424,,,,
線上 | 【After We Started to Dream】林士棻數位版畫展,True,,5月1日(週四) - 7月28日(週一),"https://res.klook.com/image/upload/x_0,y_203,w_2756,h_3858,c_crop/v1745911692/events_admin/mbeejconoj0eicsmfept.jpg",https://www.klook.com/zh-TW/event-detail/101029416-2025-after-we-started-to-dream/,101029416,,,,
台北 | 會動的浮世繪展-日本藝術絕代之華 台北站 ,False,HK$ 90,7月5日(週六) - 10月6日(週一),https://res.klook.com/image/upload/klook_尺寸__展演頁面活動首圖_10_jrdlqe.jpg,https://www.klook.com/zh-TW/activity/154262-ukiyoe-immersive-art-taipei-edition/,101029427,,,,
台北 | 「鏡花水月」- 國光30戲曲沉浸劇場光影展,False,HK$ 46,5月13日(週二) - 6月1日(週日),https://res.klook.com/image/upload/鏡花水月_Klook_尺寸5_W326xH460pix-01_pwnawq.jpg,https://www.klook.com/zh-TW/activity/155237-reflections-of-illusions-guoguang-30-opera-immersive-theater-light-and-shadow-exhibition/,101029426,,,,
台北 | beabadoobee演唱會2025台北站｜beabadoobee Asia Tour 2025 - Taipei｜Legacy Taipei,False,HK$ 617,8月9日(週六),"https://res.klook.com/image/upload/x_8,y_0,w_1458,h_2041,c_crop/v1745898285/events_admin/krdbmncznxnrexlaxznx.jpg",https://www.klook.com/zh-TW/event-detail/101029414-2025-beabadoobee-taipei/,101029414,,,,
高雄 | 高雄駁二｜1OX1O｜超越10觀點的百種視野【門票】,False,HK$ 21,5月11日(週日) - 9月7日(週日),https://res.klook.com/image/upload/10X10_KLOOK_326x460_展演頁面活動首圖_vhwkua.jpg,https://www.klook.com/zh-TW/activity/154717-kaohsiung-pier-2-1ox1o-a-hundred-perspectives-beyond-10-points-of-view-admission-ticket/,101029411,,,,
"新北 | 羊文学演唱會2025台北站｜羊文学 Hitsujibungaku Asia Tour 2025 ""いま、ここ (Right now, right here.)"" 台北場｜Zepp New Taipei",False,HK$ 514,9月26日(週五),"https://res.klook.com/image/upload/x_0,y_388,w_2250,h_3150,c_crop/v1745893718/events_admin/ejyuv7umvqs79gzmnxph.jpg",https://www.klook.com/zh-TW/event-detail/101029410-2025-hitsujibungaku-taipei/,101029410,,,,
高雄 | 蘇打綠演唱會2025高雄站｜蘇打綠《二十年一刻》巡迴演唱會最終第二十站高雄巨蛋｜暑假2025,False,HK$ 226,8月9日(週六) - 8月10日(週日),"https://res.klook.com/image/upload/x_88,y_0,w_1463,h_2048,c_crop/v1745815863/events_admin/whu4ast4qka5av332ryt.jpg",https://www.klook.com/zh-TW/event-detail/101029403-2025-sodagreen-kaohsiung-arena/,101029403,,,,
"高雄 | SCANDAL演唱會2025高雄站｜SCANDAL TOUR 2025 “LOVE, SPARK, JOY!” in KAOHSIUNG｜後台 Backstage Live｜高雄流行音樂中心",False,HK$ 566,9月20日(週六),"https://res.klook.com/image/upload/x_0,y_2,w_326,h_456,c_crop/v1745578951/events_admin/oi3cd9v18vf6fgtwwxd2.jpg",https://www.klook.com/zh-TW/event-detail/101029395-2025-scandal-kaohsiung/,101029395,,,,
台中 | 《排球少年!!》台中快閃店｜PARK2 草悟廣場,True,,4月25日(週五) - 6月22日(週日),"https://res.klook.com/image/upload/x_0,y_2,w_326,h_456,c_crop/v1745577667/events_admin/vdjdbvgpg4fa4ykzoxfw.jpg",https://www.klook.com/zh-TW/event-detail/101029394-2025-haikyu-pop-up-taichung/,101029394,,,,
台北 | EPEX演唱會2025台北站｜2025 EPEX 3rd CONCERT 青春匱乏 in Taipei｜WESTAR TAIPEI,False,HK$ 509,5月24日(週六),"https://res.klook.com/image/upload/x_0,y_8,w_1080,h_1512,c_crop/v1745547339/events_admin/lfzzohhtzmf3ozfbfmc7.jpg",https://www.klook.com/zh-TW/event-detail/101029390-2025-epex-concert-taipei/,101029390,,,,
高雄 | HowZ高雄演唱會｜2025 HowZ “Where It Belongs” 心之所向 個人演唱會 - KAOHSIUNG｜後台 Backstage Live｜高雄流行音樂中心,False,HK$ 329,8月2日(週六),"https://res.klook.com/image/upload/x_0,y_2,w_326,h_456,c_crop/v1745490392/events_admin/y0epmtcvnzuaqdkywkib.jpg",https://www.klook.com/zh-TW/event-detail/101029388-2025-howz-kaohsiung-concert/,101029388,,,,
台北 | The DoDo Men 五週年粉絲見面會《Be You》,False,HK$ 143,6月28日(週六),"https://res.klook.com/image/upload/x_0,y_4,w_679,h_951,c_crop/v1745331234/events_admin/bj7s5y2pd7pp4hzlrina.jpg",https://www.klook.com/zh-TW/event-detail/102000458-the-dodo-men-fanmeet-taipei/,102000458,,,,
桃園 | 春日尋遊・New Bloom New Finds｜GLORIA OUTLETS華泰名品城｜母親節2025,True,,4月22日(週二) - 6月16日(週一),"https://res.klook.com/image/upload/x_597,y_0,w_1143,h_1600,c_crop/v1745466882/events_admin/tjh20jz2yp4hxys8pkhz.jpg",https://www.klook.com/zh-TW/event-detail/101029382-2025-gloria-outlets-spring/,101029382,,,,
台北 | 味遊世界－來趣南洋2.0：新．泰勢｜有趣市集｜圓山花博,True,,5月24日(週六) - 5月25日(週日),"https://res.klook.com/image/upload/x_0,y_2,w_326,h_456,c_crop/v1745489044/events_admin/xwuif8je5acggl00h6j9.jpg",https://www.klook.com/zh-TW/event-detail/101029387-2025-funtasty-thai-food/,101029387,,,,
台中 | < 2025 American School in Taichung Art Show 台中美國學校師生聯展 >,True,,5月17日(週六) - 6月7日(週六),"https://res.klook.com/image/upload/x_0,y_8,w_1358,h_1901,c_crop/v1745481035/events_admin/imaglww53lkwfybetzxx.jpg",https://www.klook.com/zh-TW/event-detail/101029386-2025-american-school-taichung/,101029386,,,,
台北 | Sanmin POP UP STORE｜角落小夥伴 x 反應過激的貓快閃店｜華山文創,True,,4月12日(週六) - 6月1日(週日),"https://res.klook.com/image/upload/x_0,y_2,w_326,h_456,c_crop/v1745480807/events_admin/syojdezhsqggavqkqu4i.jpg",https://www.klook.com/zh-TW/event-detail/101029385-2025-sanmin-pop-up-taipei/,101029385,,,,
新北 | 高瀨統也台北演唱會2025｜高瀨統也 Takase Toya World Tour 2025『8』台北站｜Zepp New Taipei,False,HK$ 432,7月30日(週三),"https://res.klook.com/image/upload/x_58,y_0,w_964,h_1350,c_crop/v1745402514/events_admin/pnryihzznzjtnfcsuz8j.jpg",https://www.klook.com/zh-TW/event-detail/101029381-2025-takase-toya-taipei/,101029381,,,,
台北 | 李浚赫台北見面會2025｜2025 LEE JUN HYUK ‘LET ME IN’ IN TAIPEI｜Legacy TERA｜北流,False,HK$ 1183,7月6日(週日),"https://res.klook.com/image/upload/x_0,y_10,w_1448,h_2027,c_crop/v1745401249/events_admin/upmsbras8gzrhk2sfl4z.jpg",https://www.klook.com/zh-TW/event-detail/101029380-2025-lee-jun-hyuk-taipei/,101029380,,,,
台北 | 「金馬X威秀聯名影廳」5、6月主題展｜許鞍華作品選｜台北信義威秀影城,False,,5月1日(週四) - 6月30日(週一),"https://res.klook.com/image/upload/x_0,y_2,w_326,h_456,c_crop/v1745398832/events_admin/vipdrfn8xzy6czrq2xpl.jpg",https://www.klook.com/zh-TW/event-detail/101029379-2025-goldenhorse-vieshow-movie/,101029379,,,,
台北 | 坂口健太郎台北見面會2025｜KENTARO SAKAGUCHI ASIA TOUR FAN MEETING 2025 in Taipei｜Legacy TERA｜北流,False,HK$ 844,6月6日(週五),"https://res.klook.com/image/upload/x_58,y_0,w_964,h_1350,c_crop/v1745381835/events_admin/mwhjuf1yexnbo0cocgwx.jpg",https://www.klook.com/zh-TW/event-detail/101029374-2025-kentaro-sakaguchi-taipei/,101029374,,,,
台北 | 吳哲宇｜演算詩篇：夢境與孤寂的邊界 — 沉浸式鋼琴演奏會,False,HK$ 226,5月31日(週六) - 6月7日(週六),https://res.klook.com/image/upload/截圖_2025-04-23_11.45.56_eqazxp.png,https://www.klook.com/zh-TW/activity/154220-wu-cheyu-calculation-poetry-the-boundary-between-dreams-and-loneliness-immersive-piano-concert/,101029376,,,,
台北 | 100%哆啦A夢&FRIENDS 巡迴特展 台北站,False,HK$ 103,6月1日(週日) - 10月6日(週一),https://res.klook.com/image/upload/Klook_326x460_11_vbod1p.jpg,https://www.klook.com/zh-TW/activity/153709-100-doraemon-friends-touring-exhibition-taipei-stop/,101029375,,,,
台北 | 樋口愛台北演唱會2025｜HIGUCHI AI ALL TIME BEST BAND TOUR in Taipei｜Legacy Taipei,False,HK$ 741,6月22日(週日),"https://res.klook.com/image/upload/x_64,y_0,w_1071,h_1500,c_crop/v1745376556/events_admin/ya33yilyhyvtmwa3aine.jpg",https://www.klook.com/zh-TW/event-detail/101029369-2025-higuchi-ai-taipei-concert/,101029369,,,,
台北 | 《老闆~來碗陽春麵！》,False,HK$ 180,6月6日(週五) - 6月22日(週日),https://res.klook.com/image/upload/326_460_vxxg2j.jpg,https://www.klook.com/zh-TW/activity/152929-boss-one-bowl-of-plain-noodles-please/,101029372,,,,
台北 | 卡娜赫拉台北快閃店2025｜卡娜赫拉的小動物《睡衣派對》｜台北東區地下街,True,,4月30日(週三) - 7月13日(週日),"https://res.klook.com/image/upload/x_0,y_2,w_326,h_456,c_crop/v1745309284/events_admin/qj2ixlg52djgfzrvjrpc.jpg",https://www.klook.com/zh-TW/event-detail/101029367-2025-piske-usagi-pop-up-taipei/,101029367,,,,
新北 | 鬼頭明里台北見面會2025｜AKARI KITO ASIA FAN MEETING TOUR 2025 in TAIPEI｜Zepp New Taipei,False,HK$ 720,8月9日(週六),"https://res.klook.com/image/upload/x_0,y_0,w_1463,h_2048,c_crop/v1745307336/events_admin/pgbekqljnn3tuogo2o96.jpg",https://www.klook.com/zh-TW/event-detail/101029364-2025-akari-kito-fanmeet-taipei/,101029364,,,,
台北 | yanaginagi台北演唱會2025｜color palette ～2025 Clear～｜CLAPPER STUDIO,False,HK$ 720,8月30日(週六),"https://res.klook.com/image/upload/x_0,y_42,w_1408,h_1971,c_crop/v1745305560/events_admin/jdzwzzbnzz2hkly51xor.jpg",https://www.klook.com/zh-TW/event-detail/101029363-2025-yanaginagi-taipei-concert/,101029363,,,,
"高雄 | Camila Cabello卡蜜拉高雄演唱會2025｜Camila Cabello Yours, C Tour｜高雄流行音樂中心",False,HK$ 592,8月14日(週四),"https://res.klook.com/image/upload/x_8,y_0,w_1458,h_2041,c_crop/v1745292849/events_admin/afa0nahmlxde7vtand52.jpg",https://www.klook.com/zh-TW/event-detail/101029357-2025-camila-cabello-kaohsiung/,101029357,,,,
台北 | 2025天母啤酒節｜暑假2025,True,,7月19日(週六) - 7月20日(週日),"https://res.klook.com/image/upload/x_0,y_2,w_326,h_456,c_crop/v1745225962/events_admin/dnis7ds7zevrclyrqxgq.jpg",https://www.klook.com/zh-TW/event-detail/101029346-2025-tianmu-beer-festival/,101029346,,,,
台北 | 紙間風景｜佐久間飛鳥雕塑展｜多納藝術華山館｜華山文創,True,,4月19日(週六) - 5月25日(週日),"https://res.klook.com/image/upload/x_896,y_0,w_609,h_852,c_crop/v1745223424/events_admin/q6lt3t4csm0dzhui0nyq.jpg",https://www.klook.com/zh-TW/event-detail/101029344-2025-asuka-sakuma-exhibition/,101029344,,,,
台中 | 2025 夕陽武士《下港少年回頭望》巡迴-台中場｜迴響音樂展演空間,False,HK$ 193,6月15日(週日),"https://res.klook.com/image/upload/x_0,y_3,w_1080,h_1512,c_crop/v1745220032/events_admin/l4zgpl5clktbpxweglve.jpg",https://www.klook.com/zh-TW/event-detail/101029340-2025-sunset-samurai-taichung/,101029340,,,,
台北 | 2025 夕陽武士《下港少年回頭望》巡迴-台北場｜野地方 Wild Lab,False,HK$ 193,6月14日(週六),"https://res.klook.com/image/upload/x_0,y_3,w_1080,h_1512,c_crop/v1745219832/events_admin/oh04ckymbv4stvwtqg6w.jpg",https://www.klook.com/zh-TW/event-detail/101029339-2025-sunset-samurai-taipei/,101029339,,,,
台南市 | 2025 夕陽武士《下港少年回頭望》巡迴-台南場｜TCRC Livehouse,False,HK$ 193,6月7日(週六),"https://res.klook.com/image/upload/x_0,y_3,w_1080,h_1512,c_crop/v1745219355/events_admin/hi87fsbuds7n5u9xf2d4.jpg",https://www.klook.com/zh-TW/event-detail/101029338-2025-sunset-samurai-tainan/,101029338,,,,
台北 | 歲月靜好與君老 聯展,True,,4月17日(週四) - 5月11日(週日),"https://res.klook.com/image/upload/x_31,y_0,w_729,h_1021,c_crop/v1745049255/events_admin/uc5vvxtiixbkevi33iat.jpg",https://www.klook.com/zh-TW/event-detail/101029331-2025-taipei-art-exhibition/,101029331,,,,
高雄 | 光影潮汐,True,,5月2日(週五) - 5月14日(週三),"https://res.klook.com/image/upload/x_10,y_0,w_1429,h_2000,c_crop/v1745135577/events_admin/kxag7ifpa2r7sfrjnrdp.jpg",https://www.klook.com/zh-TW/event-detail/101029333-2025-kaohsiung-exhibition/,101029333,,,,
高雄 | 夏日。再見See You Summer,True,,5月22日(週四) - 6月19日(週四),"https://res.klook.com/image/upload/x_470,y_0,w_1786,h_2500,c_crop/v1745050877/events_admin/atgkrk2mv8frkav1yhqm.jpg",https://www.klook.com/zh-TW/event-detail/101029332-2025-see-you-summer-exhibition/,101029332,,,,
高雄 | 那些美麗的地方-王鏸疋(一ㄚˇ)與陳泓銘油畫聯展,True,,5月22日(週四) - 6月28日(週六),"https://res.klook.com/image/upload/x_0,y_6,w_1240,h_1736,c_crop/v1745044802/events_admin/w1ee3zdvungpainscael.jpg",https://www.klook.com/zh-TW/event-detail/101029330-2025-kaohsiung-exhibition/,101029330,,,,
台北 | 李奉2025個展《願境》,True,,4月15日(週二) - 5月31日(週六),"https://res.klook.com/image/upload/x_0,y_8,w_1116,h_1562,c_crop/v1744947682/events_admin/hwibmlj1dhumlaqufwjl.jpg",https://www.klook.com/zh-TW/event-detail/101029310-2025-lee-feng-solo-exhibition/,101029310,,,,
新北 | Xdinary Heroes台北演唱會2025｜Xdinary Heroes <Beautiful Mind> World Tour in TAIPEI｜Zepp New Taipei,False,HK$ 977,7月11日(週五),"https://res.klook.com/image/upload/x_0,y_10,w_1448,h_2027,c_crop/v1745207546/events_admin/bgvrdovuburztse6njvp.jpg",https://www.klook.com/zh-TW/event-detail/101029336-2025-xdinary-heroes-taipei/,101029336,,,,
台北 | YENA (崔叡娜) 台北演唱會2025｜2025 YENA 1ST CONCERT <從NEMO開始的異世界！旅行> in Taipei｜Legacy TERA,False,HK$ 638,5月24日(週六),"https://res.klook.com/image/upload/x_0,y_21,w_3000,h_4200,c_crop/v1745203263/events_admin/rmqnctlqycf0awtk874q.jpg",https://www.klook.com/zh-TW/event-detail/101029334-2025-yena-taipei-concert/,101029334,,,,
台北 | acosta!@台北,False,HK$ 77,5月30日(週五) - 6月1日(週日),https://res.klook.com/image/upload/326x460_5_muwegl.jpg,https://www.klook.com/zh-TW/activity/153830-acosta-taipei/,101029329,,,,
屏東縣 | 《大航海時代！亞洲巡迴展 - 台灣唯一站》,False,HK$ 69,6月21日(週六) - 10月19日(週日),https://res.klook.com/image/upload/大航海時代_klook_1_展演頁面活動首圖_326x460px_kgix5g.jpg,https://www.klook.com/zh-TW/activity/153873-the-age-of-discovery-asia-tour-exhibition-taiwan-station/,101029328,,,,
"台北 | muque台北專場2025｜MUQUE TOUR 2025 ""RIDE ON !"" in Taipei",False,HK$ 386,8月3日(週日),"https://res.klook.com/image/upload/x_0,y_2,w_326,h_456,c_crop/v1744970091/events_admin/bogsgjb5lkyzbnnpbhmr.jpg",https://www.klook.com/zh-TW/event-detail/101029325-2025-muque-taipei-concert/,101029325,,,,
台北 | 耍廢。甩廢 天生廢材必有用｜大安森環保市集,True,,6月21日(週六) - 6月22日(週日),"https://res.klook.com/image/upload/x_0,y_2,w_326,h_456,c_crop/v1744966685/events_admin/bkmgzrqjbkyltinu9yji.jpg",https://www.klook.com/zh-TW/event-detail/101029324-2025-taipei-weekend-market/,101029324,,,,
台北 | JAZZ UP! 爵士樂生活｜市集｜CITYLINK南港店,True,,6月7日(週六) - 6月8日(週日),"https://res.klook.com/image/upload/x_51,y_0,w_857,h_1200,c_crop/v1744965042/events_admin/dlsetoeo2b4vejhbqrwq.jpg",https://www.klook.com/zh-TW/event-detail/101029323-2025-jazz-up-market/,101029323,,,,
台北 | 《新世紀福音戰士》主題Café｜MyAnime Café｜三創生活園區,True,,4月25日(週五) - 5月28日(週三),"https://res.klook.com/image/upload/x_0,y_2,w_326,h_456,c_crop/v1744962866/events_admin/ghebnr8ocim7bygokftl.jpg",https://www.klook.com/zh-TW/event-detail/101029318-2025-evangelion/,101029318,,,,
高雄 | Lauv高雄演唱會2025｜Lauv’s I Love You， Mean It Tour｜高雄流行音樂中心,False,HK$ 720,5月28日(週三),"https://res.klook.com/image/upload/x_6,y_0,w_1457,h_2040,c_crop/v1744960782/events_admin/kpuvmseqxqcsoqkr04mg.jpg",https://www.klook.com/zh-TW/event-detail/101029316-2025-lauv-kaohsiung-concert/,101029316,,,,
高雄 | 高雄《哈利波特》快閃店｜統一時代百貨高雄店,True,,4月23日(週三) - 6月9日(週一),"https://res.klook.com/image/upload/x_0,y_2,w_326,h_456,c_crop/v1744956650/events_admin/vmevtbc5ttnfe0fts5ia.jpg",https://www.klook.com/zh-TW/event-detail/101029312-2025-harry-potter-kaohsiung/,101029312,,,,
台北 | 丁噹小巨蛋演唱會2025｜丁噹Della 《夜遊 A Night Tour》小巨蛋夜未眠巡迴演唱會｜台北小巨蛋,False,HK$ 206,11月15日(週六),"https://res.klook.com/image/upload/x_58,y_0,w_964,h_1350,c_crop/v1744953119/events_admin/pbm1gmrbywrpcwan4rtk.jpg",https://www.klook.com/zh-TW/event-detail/101029313-2025-della-concert-taipei/,101029313,,,,
高雄 | 親子音樂劇《阿甯咕又闖禍了YA~》高雄場 (售票中),False,HK$ 257,6月28日(週六) - 6月29日(週日),"https://res.klook.com/image/upload/x_0,y_0,w_326,h_456,c_crop/v1744886473/events_admin/tswmiuzhvuxavax7djw1.jpg",https://www.klook.com/zh-TW/event-detail/101029304-2025-a-nee-gu-musical/,101029304,,,,
台中 | 放肆夜 戶外電影《喵喵博物館》,True,,8月21日(週四),"https://res.klook.com/image/upload/x_0,y_69,w_1080,h_1512,c_crop/v1744872082/events_admin/zoqn7jy2mtn13esoruhl.jpg",https://www.klook.com/zh-TW/event-detail/101029302-2025-ntt-movie-night/,101029302,,,,
台中 | 放肆夜 戶外電影《再見機器人》,True,,7月31日(週四),"https://res.klook.com/image/upload/x_0,y_69,w_1080,h_1512,c_crop/v1744871872/events_admin/azvaac874rwjos3pqrmx.jpg",https://www.klook.com/zh-TW/event-detail/101029301-2025-ntt-movie-night/,101029301,,,,
台中 | 放肆夜 戶外電影《北齋：浮世繪傳奇》,True,,5月22日(週四),"https://res.klook.com/image/upload/x_0,y_69,w_1080,h_1512,c_crop/v1744871619/events_admin/i9ndjkhkxtqpppemiqqo.jpg",https://www.klook.com/zh-TW/event-detail/101029300-2025-ntt-movie-night/,101029300,,,,
台中 | 放肆夜 戶外電影《大師之眼—從安東尼奧尼到伍迪艾倫》,True,,6月19日(週四),"https://res.klook.com/image/upload/x_0,y_76,w_1080,h_1512,c_crop/v1744870919/events_admin/tieyp8o4hfivc62q1ebo.jpg",https://www.klook.com/zh-TW/event-detail/101029299-2025-ntt-movie-night/,101029299,,,,
台北 | 等家寶寶第4屆圓夢計畫 —夢想搜查超展開,True,,8月5日(週二) - 8月16日(週六),"https://res.klook.com/image/upload/x_6,y_0,w_300,h_420,c_crop/v1744796775/events_admin/adrpevgw4xsounhogcsz.jpg",https://www.klook.com/zh-TW/event-detail/101029298-2025-taipei-exhibition/,101029298,,,,
台北 | 麗山巖陶展 林美雅 蔡佶辰 蔡尚承,True,,5月16日(週五) - 5月30日(週五),"https://res.klook.com/image/upload/x_7,y_0,w_514,h_720,c_crop/v1744779710/events_admin/rr85e9xhubsn0ot3ueiv.jpg",https://www.klook.com/zh-TW/event-detail/101029239-2025-art-exhibition-taipei/,101029239,,,,
台中 | 《存在的錯位 #Real ME》探討當代社群時代的荒謬與怪誕,True,,2025年4月11日(週五) - 2026年6月30日(週二),"https://res.klook.com/image/upload/x_0,y_18,w_2480,h_3472,c_crop/v1744615394/events_admin/gexkvp3ghx7pcg3rw2a3.jpg",https://www.klook.com/zh-TW/event-detail/101029275-2025-real-me-exhibition/,101029275,,,,
台北 | 郭靜演唱會2025｜郭靜 2025 天亮之前 演唱會｜Legacy Taipei,False,HK$ 509,6月21日(週六),"https://res.klook.com/image/upload/x_64,y_0,w_1071,h_1500,c_crop/v1744945397/events_admin/zjef4ko0rq18iyi9fdse.jpg",https://www.klook.com/zh-TW/event-detail/101029308-2025-claire-concert-taipei/,101029308,,,,
台北 | 鏈鋸人動畫展 台北站,False,HK$ 93,5月11日(週日) - 6月8日(週日),https://res.klook.com/image/upload/展期_klook_展演頁面活動首圖_jcqrdj.jpg,https://www.klook.com/zh-TW/activity/152944-chainsaw-man-anime-exhibition-taipei-stop/,101029306,,,,
台北 | 台北展覽｜2025 救援小英雄波力特展,False,HK$ 39,5月11日(週日) - 6月15日(週日),https://res.klook.com/image/upload/官網_RE2_寬540-高540_ieqph8.jpg,https://www.klook.com/zh-TW/activity/152851-taipei-exhibition-2025-rescue-hero-polly-special-exhibition/,101029305,,,,
臺東縣 | 2025 阿米斯音樂節  Amis Music Festival,False,HK$ 598,11月8日(週六) - 11月9日(週日),"https://res.klook.com/image/upload/x_0,y_4,w_679,h_951,c_crop/v1744291005/events_admin/u4ckgatmrdardqzwp8os.jpg",https://www.klook.com/zh-TW/event-detail/102000529-amis-music-festival/,102000529,,,,
"新北 | QWER台北演唱會2025｜【1, 2, QWER! in TAIPEI】The First QWER Fan Concert in TAIPEI｜Zepp New Taipei",False,HK$ 772,5月14日(週三),"https://res.klook.com/image/upload/x_107,y_0,w_1786,h_2500,c_crop/v1744773505/events_admin/hld1qkjki0kvakx5b3b3.jpg",https://www.klook.com/zh-TW/event-detail/101029290-2025-qwer-fan-concert-taipei/,101029290,,,,
台北 | 鐵達尼號電影音樂會2025台北場｜台北流行音樂中心,False,HK$ 232,6月8日(週日),"https://res.klook.com/image/upload/x_0,y_66,w_1322,h_1851,c_crop/v1744360159/events_admin/h8cuvz1xbe1hlkdshuys.jpg",https://www.klook.com/zh-TW/event-detail/101029270-2025-titanic-concert-taipei/,101029270,,,,
台中 | 鐵達尼號電影音樂會2025台中場｜台中歌劇院,False,HK$ 257,6月3日(週二) - 6月4日(週三),"https://res.klook.com/image/upload/x_0,y_66,w_1322,h_1851,c_crop/v1744358831/events_admin/kyuti0ajijz3llbg3wmj.jpg",https://www.klook.com/zh-TW/event-detail/101029268-2025-titanic-concert-taichung/,101029268,,,,
高雄 | 鐵達尼號電影音樂會2025｜高雄場｜衛武營,False,HK$ 257,5月31日(週六) - 6月1日(週日),"https://res.klook.com/image/upload/x_0,y_66,w_1322,h_1851,c_crop/v1744356444/events_admin/v6eibp8rhc8ptkiiepeh.jpg",https://www.klook.com/zh-TW/event-detail/101029266-2025-titanic-concert-kaohsiung/,101029266,,,,
台北 | &TEAM演唱會2025台北站｜2025 &TEAM CONCERT TOUR ‘AWAKEN THE BLOODLINE’ in TAIPEI｜南港展覽館,False,HK$ 746,6月20日(週五),"https://res.klook.com/image/upload/x_0,y_10,w_1400,h_1960,c_crop/v1744345972/events_admin/jphytlpkwzqfdrhh69sq.jpg",https://www.klook.com/zh-TW/event-detail/101029264-2025-andteam-concert-taipei/,101029264,,,,
台北 | 朱智勛見面會2025台北站｜2025 JU JI HOON Asia Tour Fanmeeting ‘JUNIVERSE’ in TAIPEI｜台大綜合體育館,False,HK$ 875,5月17日(週六),"https://res.klook.com/image/upload/x_0,y_10,w_1414,h_1980,c_crop/v1744344539/events_admin/koaqoyowifps5cx7v3a9.jpg",https://www.klook.com/zh-TW/event-detail/101029262-2025-ju-ji-hoon-fanmeet-taipei/,101029262,,,,
台北 | 姜大浩Gaho台北演唱會2025｜GAHO 2025 Live in Taipei w/ KAVE｜Legacy Taipei,False,HK$ 643,8月17日(週日),"https://res.klook.com/image/upload/x_0,y_8,w_1192,h_1669,c_crop/v1744341618/events_admin/fksdqc7fpv8bqxqqzqsq.jpg",https://www.klook.com/zh-TW/event-detail/101029259-2025-gaho-kave-live-in-taipei/,101029259,,,,
台北 | Tizzy Bac演唱會2025台北站｜Tizzy Bac 《 說出我的名字 》巡迴演唱會台北站｜Legacy Taipei,False,HK$ 334,5月16日(週五),"https://res.klook.com/image/upload/x_0,y_2,w_326,h_456,c_crop/v1744282240/events_admin/os55dvpebtf68ktqyo9h.jpg",https://www.klook.com/zh-TW/event-detail/101029257-2025-tizzy-bac-concert-taipei/,101029257,,,,
台北 | Balming Tiger演唱會2025台北站｜Balming Tiger World Expo '25 Tour｜Legacy Taipei,False,HK$ 514,7月19日(週六),"https://res.klook.com/image/upload/x_54,y_0,w_893,h_1250,c_crop/v1744278137/events_admin/znlznecmwqbt9sbodtyd.jpg",https://www.klook.com/zh-TW/event-detail/101029255-2025-balming-tiger-taipei/,101029255,,,,
台北 | Tokyo Ska Paradise Orchestra台北專場｜TOKYO SKA PARADISE ORCHESTRA First Concert in Taipei｜Legacy Taipei,False,HK$ 514,10月10日(週五),"https://res.klook.com/image/upload/x_0,y_10,w_1448,h_2027,c_crop/v1744276324/events_admin/h4saprf2asc7hvlue8vt.jpg",https://www.klook.com/zh-TW/event-detail/101029254-2025-tokyo-ska-paradise/,101029254,,,,
台中 | 《嬉春》Blissful Moments of Spring,True,,4月19日(週六) - 5月17日(週六),"https://res.klook.com/image/upload/x_0,y_2,w_326,h_456,c_crop/v1744268929/events_admin/w4hehajiarywb3ftmfvu.jpg",https://www.klook.com/zh-TW/event-detail/101029249-2025-blissfulmoments-of-spring/,101029249,,,,
新北 | 【WEIRDO 奇怪耶你！！！】周純卉陶瓷雕塑個展,True,,5月1日(週四) - 6月29日(週日),"https://res.klook.com/image/upload/x_0,y_13,w_1721,h_2409,c_crop/v1744267004/events_admin/mhcuoiyljksrrdxiobzr.jpg",https://www.klook.com/zh-TW/event-detail/101029247-2025-weirdo-ceramic-exhibition/,101029247,,,,
台北 | 涉水而渡 Contested Waters,True,,4月26日(週六) - 6月22日(週日),"https://res.klook.com/image/upload/x_171,y_0,w_857,h_1200,c_crop/v1744254372/events_admin/layjefhjfiu2xcaqktpw.jpg",https://www.klook.com/zh-TW/event-detail/101029243-2025-contested-waters/,101029243,,,,
台北 | Makitvaivi 布可思議 — 原音全境式沉浸互動演唱會,False,HK$ 206,5月25日(週日) - 7月12日(週六),https://res.klook.com/image/upload/主視覺_直式_jkdq5e.png,https://www.klook.com/zh-TW/activity/151905-makitvaivi-immersive-full-surround-interactive-concert/,101029242,,,,
高雄 | 史汀STING演唱會2025高雄站｜STING 3.0世界巡迴｜高雄流行音樂中心,False,HK$ 720,9月27日(週六),"https://res.klook.com/image/upload/x_8,y_0,w_1458,h_2041,c_crop/v1744174693/events_admin/qar949xrhmgzzutsxqrj.jpg",https://www.klook.com/zh-TW/event-detail/101029238-2025-sting-taipei-concert/,101029238,,,,
新北 | Travis Japan演唱會2025台北站｜Travis Japan World Tour 2025 VIIsual｜Zepp New Taipei,False,HK$ 720,9月6日(週六) - 9月7日(週日),"https://res.klook.com/image/upload/x_0,y_2,w_326,h_456,c_crop/v1744167676/events_admin/iuawb06hok6wfzywztoj.jpg",https://www.klook.com/zh-TW/event-detail/101029235-2025-travis-japan-taipei/,101029235,,,,
台北 | 精神時光屋｜游智涵創作個展,True,,4月15日(週二) - 6月1日(週日),"https://res.klook.com/image/upload/x_703,y_0,w_642,h_899,c_crop/v1744110883/events_admin/srvmlcla5kpbpbbprs0h.jpg",https://www.klook.com/zh-TW/event-detail/101029233-2025-room-of-spirit-and-time/,101029233,,,,
台北 | The Butters 奶油家族華山水果攤快閃店｜華山文創,True,,4月3日(週四) - 6月2日(週一),"https://res.klook.com/image/upload/x_2969,y_0,w_4227,h_5918,c_crop/v1744086627/events_admin/quuj66wwvuc2wtlf1c8c.jpg",https://www.klook.com/zh-TW/event-detail/101029215-2025-the-butters-pop-up/,101029215,,,,
台南市 | 《鬼滅之刃》動畫音樂會-台南場｜臺南文化中心,False,HK$ 309,6月7日(週六),"https://res.klook.com/image/upload/x_88,y_0,w_1463,h_2048,c_crop/v1744021735/events_admin/pmbtifo3djfsqz3p4cjv.jpg",https://www.klook.com/zh-TW/event-detail/101029212-2025-demon-slayer-in-concert/,101029212,,,,
台北 | 《鬼滅之刃》動畫音樂會-台北場｜國家兩廳院,False,HK$ 514,6月6日(週五) - 6月7日(週六),"https://res.klook.com/image/upload/x_88,y_0,w_1463,h_2048,c_crop/v1744021175/events_admin/gnhvt6efemiceeqjyebj.jpg",https://www.klook.com/zh-TW/event-detail/101029211-2025-demon-slayer-in-concert/,101029211,,,,
台北 | 綠黃色社會台北演唱會2025｜Ryokuoushoku Shakai ASIA TOUR 2025-TAIPEI,False,,10月18日(週六) - 10月19日(週日),"https://res.klook.com/image/upload/x_58,y_0,w_959,h_1343,c_crop/v1744018143/events_admin/q1rfc4ivfsi8kbzhs0ef.jpg",https://www.klook.com/zh-TW/event-detail/101029205-2025-ryokuoushoku-shakai/,101029205,,,,
台北 | Jocelyn 9.4.0《baby i’m so blue》演唱會｜Legacy Taipei,False,HK$ 329,6月7日(週六),"https://res.klook.com/image/upload/x_64,y_0,w_1071,h_1500,c_crop/v1744016693/events_admin/vhdqeaurdsuuiueb8edh.jpg",https://www.klook.com/zh-TW/event-detail/101029202-2025-jocelyn-concert-taipei/,101029202,,,,
台北 | BIBI台北演唱會2025｜2025 BIBI 1st WORLD TOUR [EVE] IN TAIPEI,False,,10月4日(週六),"https://res.klook.com/image/upload/x_0,y_69,w_1365,h_1911,c_crop/v1744015551/events_admin/opvqwxeuclmfswqc6y7c.jpg",https://www.klook.com/zh-TW/event-detail/101029201-2025-bibi-concert-taipei/,101029201,,,,
台中 | 2025兒童夜訪歌劇院【5月、6月】,False,HK$ 167,5月16日(週五) - 6月13日(週五),"https://res.klook.com/image/upload/x_0,y_2,w_326,h_456,c_crop/v1743923085/events_admin/fn2mj1kur8o0fbiknhzc.jpg",https://www.klook.com/zh-TW/event-detail/101029187-2025-ntt-children-event/,101029187,,,,
台北 | 惠利見面會2025台北站｜2025 HYERI FANMEETING TOUR <Welcome to HYERI’s STUDIO> IN TAIPEI｜台北國際會議中心,False,,7月5日(週六),"https://res.klook.com/image/upload/x_58,y_0,w_964,h_1350,c_crop/v1744007981/events_admin/cy1gelsymtb0qe4co2lf.jpg",https://www.klook.com/zh-TW/event-detail/101029192-2025-hyeri-fanmeeting-taipei/,101029192,,,,
台南市 | 雅與澀的鑿刻—任俊穎金工首飾與雕塑展,False,HK$ 13,4月20日(週日) - 5月18日(週日),"https://res.klook.com/image/upload/x_183,y_0,w_914,h_1280,c_crop/v1743925281/events_admin/dq73ahueiwuo0kcs9qeo.jpg",https://www.klook.com/zh-TW/event-detail/101029188-2025-ren-junying-exhibition/,101029188,,,,
台北 | 愛情城市 Love and the City｜台北沉浸式體驗｜驚喜製造,False,HK$ 561,5月15日(週四) - 5月29日(週四),https://res.klook.com/image/upload/20250324_愛情城市_Klook_展演頁面活動首圖_1_aq8mzp.jpg,https://www.klook.com/zh-TW/activity/151896-love-and-the-city-surprise-lab/,101029174,,,,
新北 | PINOCCHIOP演唱會2025台北站｜2025 PINOCCHIOP ASIA TOUR 'COMET' IN TAIPEI｜Zepp New Taipei,False,HK$ 514,5月17日(週六),"https://res.klook.com/image/upload/x_0,y_2,w_326,h_456,c_crop/v1743561861/events_admin/j6dkkildp5v1ajw86xz2.jpg",https://www.klook.com/zh-TW/event-detail/101029160-2025-pinocchiop-concert-taipei/,101029160,,,,
台北 | 莫內花園秘境｜MITSUI OUTLET PARK 林口店,True,,3月25日(週二) - 5月25日(週日),"https://res.klook.com/image/upload/x_430,y_0,w_1430,h_2002,c_crop/v1743499316/events_admin/zy89dbl9ituohsr41pyw.jpg",https://www.klook.com/zh-TW/event-detail/101029152-2025-mitsui-outlet-linkou/,101029152,,,,
新北 | EXILE首場台北粉絲見面會「EXILE 1st FAN MEETING IN TAIPEI」｜Zepp New Taipei,False,HK$ 509,6月14日(週六),"https://res.klook.com/image/upload/x_0,y_5,w_1456,h_2038,c_crop/v1743496932/events_admin/uoiunfuysi5gotxh60eo.jpg",https://www.klook.com/zh-TW/event-detail/101029148-2025-exile-fan-meeting-taipei/,101029148,,,,
台北 | 夏賢尚粉絲演唱會2025台北站｜2025 HA HYUN SANG FAN CONCERT <FINE DAY WITH HYUN SANG> IN TAIPEI｜Legacy MAX,False,HK$ 720,5月17日(週六),"https://res.klook.com/image/upload/x_88,y_0,w_1463,h_2048,c_crop/v1743495511/events_admin/tyvvdhe3p5i3ztr56afb.jpg",https://www.klook.com/zh-TW/event-detail/101029146-2025-ha-hyun-sang-fan-con/,101029146,,,,
台北 | 《WIND BREAKER防風少年》快閃店｜松山文創園區｜松菸,True,,4月11日(週五) - 6月8日(週日),"https://res.klook.com/image/upload/x_0,y_18,w_2480,h_3472,c_crop/v1743492923/events_admin/j4xt4rvii6f0zqr4wzsc.jpg",https://www.klook.com/zh-TW/event-detail/101029142-2025-wind-breaker-popup-taipei/,101029142,,,,
台北 | 麵包超人快閃派對｜士林科教館,True,,3月22日(週六) - 5月11日(週日),"https://res.klook.com/image/upload/x_0,y_2,w_326,h_456,c_crop/v1743492001/events_admin/gkfcxvt4bqxeuu64qv03.jpg",https://www.klook.com/zh-TW/event-detail/101029140-2205-anpanman-pop-up/,101029140,,,,
台北 | FEniX演唱會2025｜FEniX《MBB》2025 LIVE CONCERT｜台北國際會議中心 TICC,False,HK$ 226,5月17日(週六),"https://res.klook.com/image/upload/x_64,y_0,w_1071,h_1500,c_crop/v1743490822/events_admin/wv49j0o824tolwxzsecf.jpg",https://www.klook.com/zh-TW/event-detail/101029139-2025-fenix-live-concert-taipei/,101029139,,,,
台北 | 溫柔羽翼・溫暖市集,True,,5月17日(週六) - 5月18日(週日),"https://res.klook.com/image/upload/x_641,y_0,w_766,h_1072,c_crop/v1743417360/events_admin/ofkncuhdmarbcjbykqij.jpg",https://www.klook.com/zh-TW/event-detail/101029132-2025-taipei-weekend-market/,101029132,,,,
新北 | Jay Park演唱會2025台北站｜2025 Jay Park World Tour [Serenades & Body Rolls] in Taipei｜Zepp New Taipei,False,HK$ 720,6月19日(週四),"https://res.klook.com/image/upload/x_58,y_0,w_964,h_1350,c_crop/v1743998489/events_admin/pjfjoooovkxv2hcjq5ny.jpg",https://www.klook.com/zh-TW/event-detail/101029122-2025-jay-park-concert-taipei/,101029122,,,,
台北 | 五月天大巨蛋演唱會2025｜玉山銀行冠名贊助 MAYDAY #5525 LIVE TOUR 五月天 [ 回到那一天 ] 25週年巡迴演唱會台北站．大巨蛋首唱版｜台北大巨蛋,False,HK$ 392,6月27日(週五) - 7月12日(週六),"https://res.klook.com/image/upload/x_0,y_2,w_326,h_456,c_crop/v1745807150/events_admin/vcqzvmeo8ahbldhnlhen.jpg",https://www.klook.com/zh-TW/event-detail/101029120-2025-mayday-taipei-dome-concer/,101029120,,,,
台北 | 觀察之樹家具—家具，家庭的一份子 2025 @ 新芳春,True,,4月9日(週三) - 5月11日(週日),"https://res.klook.com/image/upload/x_73,y_0,w_1216,h_1702,c_crop/v1743082798/events_admin/jwldf5gwzz9fcirk3dyq.jpg",https://www.klook.com/zh-TW/event-detail/101029112-2025-furniture-exhibition/,101029112,,,,
新竹 | 《恆綻》盧卡斯・佛利亞首度亞洲個展,True,,4月12日(週六) - 6月14日(週六),"https://res.klook.com/image/upload/x_0,y_2,w_326,h_456,c_crop/v1743044906/events_admin/yuwyswlspoaby67vjljt.jpg",https://www.klook.com/zh-TW/event-detail/101029094-2025-lucas-foglia-exhibition/,101029094,,,,
台北 | 2025 台北當代藝術博覽會,False,HK$ 71,5月11日(週日),https://res.klook.com/image/upload/TAIPEI_DANGDAI_banner-w326xh460px_yj7zsq.jpg,https://www.klook.com/zh-TW/activity/149377-2025-taipei-dangdai-art-ideas/,101029056,,,,
高雄 | 伍佰演唱會2025高雄站｜國泰世華銀行 伍佰 & China Blue Rock Star2演唱會-高雄站｜高雄巨蛋,False,,11月22日(週六) - 11月23日(週日),"https://res.klook.com/image/upload/x_0,y_12,w_1587,h_2222,c_crop/v1742801669/events_admin/ccftsujmgncqedli1yzt.jpg",https://www.klook.com/zh-TW/event-detail/101029044-2025-wubai-kaohsiung-concert/,101029044,,,,
台北 | STAYC演唱會2025台北站｜2025 STAYC TOUR [STAY TUNED] in TAIPEI｜台北國際會議中心 TICC,False,HK$ 720,8月23日(週六),"https://res.klook.com/image/upload/x_5,y_0,w_834,h_1167,c_crop/v1742799536/events_admin/eulnzvia8rgzs9i8nzky.jpg",https://www.klook.com/zh-TW/event-detail/101029042-2025-stayc-taipei-concert/,101029042,,,,
高雄 | 吾之萬象—宇化萬千    李哲儀個展,True,,4月19日(週六) - 5月11日(週日),"https://res.klook.com/image/upload/x_0,y_45,w_2024,h_2834,c_crop/v1742542993/events_admin/si07hptmng1nvnzmae1i.jpg",https://www.klook.com/zh-TW/event-detail/101029030-2025-kaohsiung-exhibition/,101029030,,,,
新北 | 【所在 - 物件離合】許旭倫陶藝創作展,True,,4月4日(週五) - 5月26日(週一),"https://res.klook.com/image/upload/x_0,y_240,w_2756,h_3858,c_crop/v1742263091/events_admin/o2y6rpzlp1yyqwlrvq5b.jpg",https://www.klook.com/zh-TW/event-detail/101028963-2025-presence-exhibition/,101028963,,,,
台北 | 優里演唱會2025台北站｜YUURI ASIA TOUR 2025 in TAIPEI｜台北小巨蛋,False,HK$ 206,10月11日(週六) - 10月12日(週日),"https://res.klook.com/image/upload/x_0,y_38,w_1408,h_1971,c_crop/v1746411637/events_admin/edouzocuwe6gcg98knb6.jpg",https://www.klook.com/zh-TW/event-detail/101028977-2025-yuuri-taipei-concert/,101028977,,,,
台北 | 中華職棒36年 2025味全龍主場賽事 - 天母棒球場・大巨蛋球場,False,HK$ 64,5月11日(週日) - 6月22日(週日),https://res.klook.com/image/upload/2025味全龍主視覺_直式_cmcjgh.jpg,https://www.klook.com/zh-TW/activity/147143-2025-weichuan-dragons-baseball-game/,101029019,,,,
台北 | 從印象派到現代主義─美國大都會博物館名作展,False,HK$ 103,6月14日(週六) - 10月12日(週日),https://res.klook.com/image/upload/1_klook早鳥票_326x460_zqtmlq.jpg,https://www.klook.com/zh-TW/activity/149320-from-impressionism-to-modernism-masterpieces-from-the-metropolitan-museum-of-art-exhibition-ticket/,101029018,,,,
台北 | 《暮光之城》電影音樂會 Twilight In Concert｜國家兩廳院,False,HK$ 463,6月28日(週六) - 6月29日(週日),"https://res.klook.com/image/upload/x_103,y_0,w_1463,h_2048,c_crop/v1745377534/events_admin/ws5s21k8x83v6viqeyvz.jpg",https://www.klook.com/zh-TW/event-detail/101029008-2025-twilight-in-concert/,101029008,,,,
台北 | 親子日和派對市集｜愛手創 x 美麗華｜母親節2025,True,,4月19日(週六) - 5月11日(週日),"https://res.klook.com/image/upload/x_0,y_0,w_5001,h_7001,c_crop/v1742369817/events_admin/et1ovejfllgper9n3a6n.jpg",https://www.klook.com/zh-TW/event-detail/101029003-2025-date-with-mom-bazzar/,101029003,,,,
高雄 | LANY高雄演唱會2025｜LANY - a beautiful blur: the world tour｜高雄流行音樂中心,False,HK$ 463,6月1日(週日),"https://res.klook.com/image/upload/x_8,y_0,w_1458,h_2041,c_crop/v1742368876/events_admin/i2tgaucqzh7dlvc1mnyh.jpg",https://www.klook.com/zh-TW/event-detail/101028999-2025-lany-kaohsiung-concert/,101028999,,,,
桃園 | 陶異星漫遊｜陶趣生活市集｜中原文創園區,True,,3月29日(週六) - 5月11日(週日),"https://res.klook.com/image/upload/x_0,y_0,w_5001,h_7001,c_crop/v1742284034/events_admin/cysjz3uvpjwuswhwsajl.jpg",https://www.klook.com/zh-TW/event-detail/101028981-2025-taoyuan-weekend-market/,101028981,,,,
台北 | 彭佳慧台北演唱會2025｜彭佳慧 2025「一路這樣愛過來」演唱會｜台北小巨蛋,False,HK$ 206,6月7日(週六),"https://res.klook.com/image/upload/x_0,y_2,w_326,h_456,c_crop/v1742279193/events_admin/tkhcrdjhfxy3fusn20ga.jpg",https://www.klook.com/zh-TW/event-detail/101028971-2025-julia-peng-taipei-concert/,101028971,,,,
新竹 | 她．MMXXV如是說｜謝鴻均薪傳展｜新竹市美術館,True,,3月18日(週二) - 5月11日(週日),"https://res.klook.com/image/upload/x_0,y_10,w_1448,h_2027,c_crop/v1742277873/events_admin/stllgiwfy3koatrt2n82.jpg",https://www.klook.com/zh-TW/event-detail/101028969-2025-mmxxv-exhibition/,101028969,,,,
桃園 | ANISAMA WORLD 2025 in TAOYUAN｜動漫歌曲演唱會「Animelo Summer Live」｜桃園會展中心,False,HK$ 309,5月24日(週六),"https://res.klook.com/image/upload/x_0,y_2,w_326,h_456,c_crop/v1742360827/events_admin/krdxlonewdhqtb01gfaf.jpg",https://www.klook.com/zh-TW/event-detail/101028962-2025-anisama-world-taoyuan/,101028962,,,,
台北 | TAIL台北演唱會2025｜TAIL ASIA TOUR 2025｜Legacy Taipei,False,HK$ 489,6月28日(週六),"https://res.klook.com/image/upload/x_0,y_15,w_1441,h_2017,c_crop/v1742206797/events_admin/wnullufrj5tgmt0gdbkr.jpg",https://www.klook.com/zh-TW/event-detail/101028960-2025-tail-asia-tour-taipei/,101028960,,,,
新竹 | 「數位迷蹤」主題展｜新竹241藝術空間,True,,3月18日(週二) - 6月1日(週日),"https://res.klook.com/image/upload/x_0,y_2,w_326,h_456,c_crop/v1742205951/events_admin/dveuhakmclrwav46hvyo.jpg",https://www.klook.com/zh-TW/event-detail/101028959-2025-techno-art-exhibition/,101028959,,,,
台北 | MoCA Video「檔案重製—林俊耀個展」,True,,2025年3月15日(週六) - 2026年5月4日(週一),"https://res.klook.com/image/upload/x_0,y_8,w_1358,h_1901,c_crop/v1741768636/events_admin/eeoi87lfjimkn5d66kjl.jpg",https://www.klook.com/zh-TW/event-detail/101028897-2025-archiving-the-scene-moca/,101028897,,,,
台中 | 2025 怡岑《要到你想逃》音樂喜劇專場 台中場,False,HK$ 257,5月17日(週六),"https://res.klook.com/image/upload/x_0,y_7,w_1359,h_1903,c_crop/v1744275912/events_admin/n4lb2g5fofynpdokrk7v.jpg",https://www.klook.com/zh-TW/event-detail/102000436-andrew-patanie-taichung-2025/,102000436,,,,
台北 | 2025 怡岑《要到你想逃》音樂喜劇專場 台北場,False,HK$ 309,5月30日(週五) - 6月1日(週日),"https://res.klook.com/image/upload/x_0,y_7,w_1359,h_1903,c_crop/v1744275752/events_admin/cekdyvdnr4y5gzlyccrt.jpg",https://www.klook.com/zh-TW/event-detail/102000435-andrew-patanie-taipei-2025/,102000435,,,,
台北 | 西門紅樓沉浸式劇場《西門町一番地》,False,HK$ 514,7月18日(週五) - 7月27日(週日),https://res.klook.com/image/upload/西門_banner_326x460_lqixrq.jpg,https://www.klook.com/zh-TW/activity/145174-ximen-red-house-immersive-theater/,101028942,,,,
台北 | 日本另類搖滾樂團Cö shu Nie首次台灣專場｜Cö shu Nie Live in Taipei｜Breeze MEGA Studio,False,HK$ 643,5月24日(週六),"https://res.klook.com/image/upload/x_0,y_2,w_326,h_456,c_crop/v1741763574/events_admin/xpcpop8mm8qc0oao1e8a.jpg",https://www.klook.com/zh-TW/event-detail/101028892-2025-co-shu-nie-live-in-taipei/,101028892,,,,
台北 | 吉伊卡哇壽司主題快閃店｜「超好吃!!Chiikawa壽司」吉伊卡哇華山快閃店｜華山文創,True,,3月22日(週六) - 6月15日(週日),"https://res.klook.com/image/upload/x_0,y_2,w_326,h_456,c_crop/v1741759673/events_admin/uolnnp04lvc1doiojep1.jpg",https://www.klook.com/zh-TW/event-detail/101028886-2025-chiikawa-sushi-popup/,101028886,,,,
台北 | 莎拉．布萊曼台北演唱會2025｜莎拉．布萊曼《2025星光閃耀演唱會》SARAH BRIGHTMAN “A STARLIGHT SYMPHONY”｜台北流行音樂中心,False,HK$ 484,7月19日(週六) - 7月20日(週日),"https://res.klook.com/image/upload/x_0,y_4,w_1457,h_2040,c_crop/v1741679675/events_admin/pkttnysztoismde2kyfx.jpg",https://www.klook.com/zh-TW/event-detail/101028879-2025-sarah-brightman-taipei/,101028879,,,,
台中 | “Fly Me to the Moon” 女性藝術家聯展——巴梅莉、許芝綺、劉文瑄、彭禹慈,True,,3月15日(週六) - 5月18日(週日),"https://res.klook.com/image/upload/x_0,y_2,w_326,h_456,c_crop/v1741241856/events_admin/ypgnbfxhbz8kvftefbzc.jpg",https://www.klook.com/zh-TW/event-detail/101028833-2025-fly-me-to-the-moon/,101028833,,,,
新北 | THE PRIMALS台北演唱會2025｜THE PRIMALS Dark Decades Tour｜Zepp New Taipei,False,HK$ 720,8月3日(週日),"https://res.klook.com/image/upload/x_0,y_77,w_1408,h_1971,c_crop/v1741318365/events_admin/lvzn3tbkb9poeedvgdee.jpg",https://www.klook.com/zh-TW/event-detail/101028848-2025-theprimals-concert-taipei/,101028848,,,,
台北 | EXO KAI 演唱會2025台北站｜2025 KAI SOLO CONCERT TOUR <KAION> IN TAIPEI｜台北流行音樂中心,False,HK$ 977,7月12日(週六),"https://res.klook.com/image/upload/x_58,y_0,w_964,h_1350,c_crop/v1742803153/events_admin/jtuugrab78g84e420qcj.jpg",https://www.klook.com/zh-TW/event-detail/101028838-2025-exo-kai-concert-taipei/,101028838,,,,
高雄 | 陳奕迅高雄演唱會2025｜陳奕迅 FEAR and DREAMS 世界巡迴演唱會 - 高雄站｜高雄巨蛋,False,HK$ 206,5月16日(週五) - 5月25日(週日),"https://res.klook.com/image/upload/x_58,y_0,w_964,h_1350,c_crop/v1741764052/events_admin/zuz5fgjezgdnr2vsjzkn.jpg",https://www.klook.com/zh-TW/event-detail/101028834-2025-eason-chan-kaohsiung/,101028834,,,,
台北 | 許富凱演唱會2025｜許富凱【拾歌Plus】2025讚聲演唱會｜Legacy Taipei,False,HK$ 509,5月10日(週六) - 5月11日(週日),"https://res.klook.com/image/upload/x_0,y_2,w_326,h_456,c_crop/v1741232666/events_admin/jhmqz9eyxqqr2u7mp1x1.jpg",https://www.klook.com/zh-TW/event-detail/101028826-2025-henry-hsu-concert/,101028826,,,,
新北 | 溫蒂漫步 Wendy Wander 2025 Tour “Midnight Wandering 午夜漫遊” Encore Party｜Zepp New Taipei,False,HK$ 309,6月7日(週六),"https://res.klook.com/image/upload/x_0,y_2,w_326,h_456,c_crop/v1741229434/events_admin/xvjg68wuwlwqxcadqjt0.jpg",https://www.klook.com/zh-TW/event-detail/101028819-2025-wendy-wander-encore-party/,101028819,,,,
台北 | 台北《我不是胖虎》快閃店｜誠品生活武昌店｜西門町,True,,3月7日(週五) - 6月1日(週日),"https://res.klook.com/image/upload/x_0,y_2,w_326,h_456,c_crop/v1741061094/events_admin/ij2feaf3f0bo5ffygwtn.jpg",https://www.klook.com/zh-TW/event-detail/101028785-2025-i-am-alexander-pop-up/,101028785,,,,
桃園 | LE SSERAFIM演唱會2025台北站｜2025 LE SSERAFIM TOUR ‘EASY CRAZY HOT’ IN TAIPEI｜林口體育館,False,HK$ 900,7月19日(週六),"https://res.klook.com/image/upload/x_0,y_2,w_326,h_456,c_crop/v1743996778/events_admin/abcgk45swprwdswa02w0.jpg",https://www.klook.com/zh-TW/event-detail/101028747-2025-lesserafim-taipei-concert/,101028747,,,,
"台北 | Valley台北演唱會2025｜VALLEY : WATER THE FLOWERS, PRAY FOR A GARDEN ASIA TOUR 2025｜Legacy Taipei",False,HK$ 489,6月11日(週三),"https://res.klook.com/image/upload/x_8,y_0,w_1458,h_2041,c_crop/v1740630547/events_admin/mekgluwp1lqrgkcse3sz.jpg",https://www.klook.com/zh-TW/event-detail/101028735-2025-valley-taipei-concert/,101028735,,,,
台北 | Insect Park 昆蟲島互動樂園,False,HK$ 103,5月11日(週日),https://res.klook.com/image/upload/690x460_w1hqjv.jpg,https://www.klook.com/zh-TW/activity/145303-insect-park/,101028698,,,,
台北 | 美國高空大馬戲團｜台北小巨蛋,False,HK$ 206,5月31日(週六) - 6月1日(週日),"https://res.klook.com/image/upload/x_0,y_2,w_326,h_456,c_crop/v1739948956/events_admin/jjjudgfqavgkxhho01st.jpg",https://www.klook.com/zh-TW/event-detail/101028663-2025-daredevil-circus-thrills/,101028663,,,,
新北 | SB19台北演唱會2025｜SB19 Simula at Wakas World Tour in Taipei｜Zepp New Taipei,False,,6月29日(週日),"https://res.klook.com/image/upload/x_60,y_0,w_1463,h_2048,c_crop/v1739864980/events_admin/adjrkd0b5fyodjz4xqwi.jpg",https://www.klook.com/zh-TW/event-detail/101028640-2025-sb19-taipei-cocnert/,101028640,,,,
台北 | 「AIR Taipei 搭。不搭嗎？」｜臺北藝術進駐計畫展覽｜寶藏巖國際藝術村,True,,2024年8月31日(週六) - 2025年8月31日(週日),"https://res.klook.com/image/upload/x_0,y_2,w_326,h_456,c_crop/v1739444943/events_admin/ml0kc7a0fxuyog0dusfi.jpg",https://www.klook.com/zh-TW/event-detail/101028607-2025-air-taipei-exhibition/,101028607,,,,
台北 | 《飛天小女警》快閃店｜R79中山地下書街,True,,2月21日(週五) - 6月8日(週日),"https://res.klook.com/image/upload/x_0,y_2,w_326,h_456,c_crop/v1739439355/events_admin/dylfldo2kdkno7hgz738.jpg",https://www.klook.com/zh-TW/event-detail/101028595-2025-powerpuff-girls-pop-up/,101028595,,,,
新北 | Elijah Woods演唱會2025台北站｜Elijah Woods: Give Me The Sunlight｜Zepp New Taipei,False,HK$ 463,8月12日(週二),"https://res.klook.com/image/upload/x_5,y_0,w_834,h_1167,c_crop/v1739340591/events_admin/v6ibtfdx42gqawl6awr0.jpg",https://www.klook.com/zh-TW/event-detail/101028551-2025-elijah-woods-taipei/,101028551,,,,
台北 | 鄭興 2025《盆地已經長出了森林》TICC演唱會｜台北國際會議中心,False,HK$ 309,5月24日(週六),"https://res.klook.com/image/upload/x_0,y_2,w_326,h_456,c_crop/v1739000392/events_admin/sqzam1swyhfrh99akdjp.jpg",https://www.klook.com/zh-TW/event-detail/101028496-2025-xing-zheng-ticc-concert/,101028496,,,,
台中 | 台中｜勤美術館開幕展《OUTLINES IN BETWEEN》,False,HK$ 39,5月11日(週日) - 6月1日(週日),https://res.klook.com/image/upload/1.展演頁面活動首圖_q1xvno.jpg,https://www.klook.com/zh-TW/activity/143525-outlines-in-between/,101028423,,,,
台北 | 九藏喵窩西門町實境解謎《捉咪藏》,False,HK$ 180,5月11日(週日) - 6月30日(週一),https://res.klook.com/image/upload/LINE_ALBUM_2025.1.10_250115_1_1_xpd57f.jpg,https://www.klook.com/zh-TW/activity/143589-hide-cat/,101028400,,,,
"台北 | BE:FIRST演唱會2025台北站｜BE:FIRST World Tour 2025 ""Who is BE:FIRST?"" in Taipei｜Zepp New Taipei",False,HK$ 566,5月15日(週四),"https://res.klook.com/image/upload/x_8,y_0,w_1458,h_2041,c_crop/v1737434006/events_admin/thka9wtzzddrxodz2nkc.jpg",https://www.klook.com/zh-TW/event-detail/101028354-2025-befirst-concert-taipei/,101028354,,,,
台北 | 2025寶藏巖光節「趖 sô」｜寶藏巖國際藝術村 x 煥民新村 x 嘉禾新村,True,,3月22日(週六) - 5月25日(週日),"https://res.klook.com/image/upload/x_60,y_0,w_960,h_1344,c_crop/v1737340507/events_admin/aaumisc4tmjhdni13lzb.jpg",https://www.klook.com/zh-TW/event-detail/101028331-2025-treasure-hill-light-fest/,101028331,,,,
桃園 | BABYMONSTER台北演唱會2025（加開一場）｜2025 BABYMONSTER 1st WORLD TOUR <HELLO MONSTERS> IN TAIPEI｜林口體育館,False,HK$ 720,6月28日(週六) - 6月29日(週日),"https://res.klook.com/image/upload/x_574,y_0,w_771,h_1080,c_crop/v1743063603/events_admin/xywlwmrcp9kj3youriv6.jpg",https://www.klook.com/zh-TW/event-detail/101028336-2025-babymonster-taipei/,101028336,,,,
高雄 | 蕭秉治高雄演唱會2025｜蕭秉治《活著Alive》高雄巨蛋演唱會,False,HK$ 206,8月23日(週六),"https://res.klook.com/image/upload/x_88,y_0,w_1463,h_2048,c_crop/v1737022478/events_admin/alrcolblybolxyvc1f5t.jpg",https://www.klook.com/zh-TW/event-detail/101028314-2025-xiao-bing-chih-concert/,101028314,,,,
台北 | 諸神與眾生：眾生｜展覽｜國家攝影文化中心,True,,2月20日(週四) - 6月29日(週日),"https://res.klook.com/image/upload/x_0,y_2,w_326,h_456,c_crop/v1736994356/events_admin/fpzeqxjcge5fpl8mcv8u.jpg",https://www.klook.com/zh-TW/event-detail/101028289-2025-ncpi-exhibition/,101028289,,,,
台北 | 諸神與眾生：諸神｜展覽｜國家攝影文化中心,True,,1月23日(週四) - 6月4日(週三),"https://res.klook.com/image/upload/x_0,y_2,w_326,h_456,c_crop/v1736912010/events_admin/esbrbs262gqj32lotye9.jpg",https://www.klook.com/zh-TW/event-detail/101028279-2025-ncpi-exhibition/,101028279,,,,
台北 | 伍佰演唱會2025台北站｜國泰世華銀行 伍佰 Wu Bai & China Blue Rock Star 2 世界巡迴演唱會台北站｜台北小巨蛋,False,HK$ 206,6月13日(週五) - 6月15日(週日),"https://res.klook.com/image/upload/x_0,y_2,w_326,h_456,c_crop/v1740629326/events_admin/cwe5wz3avht5eutxqgwj.jpg",https://www.klook.com/zh-TW/event-detail/101028259-2025-wu-bai-taipei-concert/,101028259,,,,
高雄 | CNBLUE演唱會2025高雄站（加開一場）｜2025 CNBLUE LIVE – VOYAGE into X IN KAOHSIUNG｜高雄流行音樂中心,False,HK$ 998,5月24日(週六) - 5月25日(週日),"https://res.klook.com/image/upload/x_0,y_10,w_1448,h_2027,c_crop/v1742372820/events_admin/kjrxiwqkf6nsytnbvriy.jpg",https://www.klook.com/zh-TW/event-detail/101028250-2025-cnblue-concert-kaohsiung/,101028250,,,,
台北 | NCT WISH演唱會2025台北站｜2025 NCT WISH ASIA TOUR LOG in TAIPEI｜台北流行音樂中心,False,HK$ 823,5月24日(週六),"https://res.klook.com/image/upload/x_183,y_0,w_914,h_1280,c_crop/v1736747777/events_admin/zawje8pav16uru5zkqte.jpg",https://www.klook.com/zh-TW/event-detail/101028244-2025-nct-wish-concert-taipei/,101028244,,,,
桃園 | BTS J-HOPE演唱會2025台北站｜j-hope Tour 'HOPE ON THE STAGE' IN TAIPEI｜林口體育館,False,HK$ 720,5月24日(週六) - 5月25日(週日),"https://res.klook.com/image/upload/x_5,y_0,w_834,h_1167,c_crop/v1740368137/events_admin/pl1sg4jkehdgglnmya90.jpg",https://www.klook.com/zh-TW/event-detail/101028219-2025-bts-j-hope-concert-taipei/,101028219,,,,
台北 | 《少年Pi的奇幻漂流》劇場版台北場｜國家兩廳院2025廳院選,False,HK$ 206,7月17日(週四) - 7月27日(週日),"https://res.klook.com/image/upload/x_0,y_0,w_1463,h_2048,c_crop/v1736246577/events_admin/kb30bhthcuaieney0l2j.jpg",https://www.klook.com/zh-TW/event-detail/101028165-2025-life-of-pi-show/,101028165,,,,
台北 | Penthouse台北演唱會2025｜Penthouse ONE MAN LIVE TOUR 2025 “Midnight Diner” in Taipei｜Legacy TERA,False,HK$ 566,6月14日(週六),"https://res.klook.com/image/upload/x_62,y_0,w_1021,h_1430,c_crop/v1741080952/events_admin/eilqyippy5c1comsburq.jpg",https://www.klook.com/zh-TW/event-detail/101028113-2025-penthouse-taipei-concert/,101028113,,,,
台中 | 《火神的眼淚》音樂劇台中場｜故事工廠 x 瘋戲樂工作室｜台中歌劇院,False,HK$ 206,6月28日(週六),"https://res.klook.com/image/upload/x_293,y_0,w_1463,h_2048,c_crop/v1735814725/events_admin/kts8d2p02tvshijptssi.jpg",https://www.klook.com/zh-TW/event-detail/101028102-2025-tears-on-fire-the-musical/,101028102,,,,
台南市 | 《火神的眼淚》音樂劇台南場｜故事工廠 x 瘋戲樂工作室｜臺南文化中心,False,HK$ 206,6月21日(週六),"https://res.klook.com/image/upload/x_293,y_0,w_1463,h_2048,c_crop/v1735814507/events_admin/huxdwoxclyfdty5rwyyc.jpg",https://www.klook.com/zh-TW/event-detail/101028101-2025-tears-on-fire-the-musical/,101028101,,,,
桃園 | 《火神的眼淚》音樂劇桃園場｜故事工廠 x 瘋戲樂工作室｜桃園展演中心,False,HK$ 206,6月14日(週六),"https://res.klook.com/image/upload/x_293,y_0,w_1463,h_2048,c_crop/v1735814298/events_admin/n8e12gg7vo6kdzqu4rlz.jpg",https://www.klook.com/zh-TW/event-detail/101028099-2025-tears-on-fire-the-musical/,101028099,,,,
高雄 | 《火神的眼淚》音樂劇高雄場｜故事工廠 x 瘋戲樂工作室｜衛武營,False,HK$ 206,5月24日(週六),"https://res.klook.com/image/upload/x_293,y_0,w_1463,h_2048,c_crop/v1735814018/events_admin/fdukrx7epgds89vv7v12.jpg",https://www.klook.com/zh-TW/event-detail/101028098-2025-tears-on-fire-the-musical/,101028098,,,,
台北 | 英國國家芭蕾舞團 X 阿喀郎．汗《吉賽兒》｜2025台灣國際藝術節TIFA｜國家兩廳院,False,HK$ 309,5月8日(週四) - 5月11日(週日),"https://res.klook.com/image/upload/x_0,y_43,w_1401,h_1961,c_crop/v1735290059/events_admin/aeoyzmnmddvabtgaydzk.jpg",https://www.klook.com/zh-TW/event-detail/101028040-2025-tifa-giselle-ballet/,101028040,,,,
台中 | 2025 NTT Arts NOVA 英國國家芭蕾舞團╳阿喀郎．汗《吉賽兒》,False,HK$ 129,5月24日(週六) - 5月25日(週日),"https://res.klook.com/image/upload/x_0,y_0,w_300,h_420,c_crop/v1734952843/events_admin/xrcv8fpq5mvfriju16xx.jpg",https://www.klook.com/zh-TW/event-detail/101027984-2025-ntt-arts-nova-giselle/,101027984,,,,
台中 | 2025 NTT Arts NOVA史蒂芬妮．雷克舞團《舞動狂響》,False,HK$ 129,5月10日(週六) - 5月11日(週日),"https://res.klook.com/image/upload/x_0,y_0,w_300,h_420,c_crop/v1734951998/events_admin/hcgdxcyegpso3xhs48bn.jpg",https://www.klook.com/zh-TW/event-detail/101027982-2025-ntt-arts-nova-manifesto/,101027982,,,,
台中 | 2025 NTT Arts NOVA明和電機✕江戶未來世✕超維度《新世紀浮世繪》,False,HK$ 129,5月10日(週六) - 5月11日(週日),"https://res.klook.com/image/upload/x_0,y_0,w_300,h_420,c_crop/v1734950836/events_admin/zoxlqa2qsmoszfrytvx1.jpg",https://www.klook.com/zh-TW/event-detail/101027980-2025-new-century-of-ukiyo-e/,101027980,,,,
台中 | 2025 NTT Arts NOVA 河床劇團╳PHI工作室╳歐納西斯文化《之間》,False,HK$ 206,5月30日(週五) - 6月8日(週日),"https://res.klook.com/image/upload/x_0,y_0,w_300,h_420,c_crop/v1734950427/events_admin/ttitauxyurz401xddlfz.jpg",https://www.klook.com/zh-TW/event-detail/101027979-2025-ntt-arts-nova-blur/,101027979,,,,
高雄 | 2025江蕙演唱會高雄場｜高雄巨蛋,False,HK$ 206,7月11日(週五) - 7月26日(週六),"https://res.klook.com/image/upload/x_0,y_42,w_1369,h_1917,c_crop/v1734498687/events_admin/prggwbh7hftiuyfueetu.jpg",https://www.klook.com/zh-TW/event-detail/101027913-2025-jodychiang-kaohsiung/,101027913,,,,
台北 | 2025江蕙演唱會台北場｜台北小巨蛋,False,HK$ 206,8月8日(週五) - 9月1日(週一),"https://res.klook.com/image/upload/x_0,y_42,w_1369,h_1917,c_crop/v1734498311/events_admin/juac9hykfbydme7ecm5e.jpg",https://www.klook.com/zh-TW/event-detail/101027912-2025-jodychiang-concert-taipei/,101027912,,,,
高雄 | 高雄駁二｜have a____dream【門票】,False,HK$ 12,5月11日(週日) - 5月18日(週日),https://res.klook.com/image/upload/KLOOK_dream_326x460_展演頁面活動首圖_lu5iyg.jpg,https://www.klook.com/zh-TW/activity/140498-have-a-dream/,101027882,,,,
屏東縣 | 奈良美智特展2025屏東｜奈良美智特展「跟著朦朧潮濕的一天去屏東」｜屏東美術館,True,,2024年12月20日(週五) - 2025年5月25日(週日),"https://res.klook.com/image/upload/x_0,y_2,w_326,h_456,c_crop/v1734072933/events_admin/liblb5kxxwtenzrowlju.jpg",https://www.klook.com/zh-TW/event-detail/101027868-2025-yoshitomo-nara-pingtung/,101027868,,,,
高雄 | 音樂劇《悲慘世界》40周年紀念版音樂會世界巡演｜高雄場｜衛武營,False,HK$ 329,7月10日(週四) - 7月27日(週日),"https://res.klook.com/image/upload/x_0,y_55,w_1369,h_1917,c_crop/v1734071235/events_admin/l5mdtdo2w1yj8dnka2e7.jpg",https://www.klook.com/zh-TW/event-detail/101027867-2025-les-miserables-concert/,101027867,,,,
台北 | 音樂劇《悲慘世界》40周年紀念版音樂會世界巡演｜台北場｜國家兩廳院,False,HK$ 329,6月12日(週四) - 7月6日(週日),"https://res.klook.com/image/upload/x_0,y_55,w_1369,h_1917,c_crop/v1734070763/events_admin/vm2cajomrfkl2xwmp8jl.jpg",https://www.klook.com/zh-TW/event-detail/101027866-2025-les-miserables-concert/,101027866,,,,
台北 | 2025台灣國際藝術節 TIFA｜國家兩廳院,False,,2月21日(週五) - 5月18日(週日),"https://res.klook.com/image/upload/x_0,y_2,w_326,h_456,c_crop/v1733478335/events_admin/fddytkxd9avs0gcpfxfz.jpg",https://www.klook.com/zh-TW/event-detail/101027782-2025-tifa/,101027782,,,,
屏東縣 | 墾丁悠活渡假村星空夜秀,False,HK$ 72,5月11日(週日) - 12月31日(週三),https://res.klook.com/image/upload/截圖_2024-11-21_上午9.54.58_atex64.png,https://www.klook.com/zh-TW/activity/114314-night-show-at-yoho-beach-resort/,101027462,,,,
台北 | JJ 林俊傑演唱會2025台北站｜JJ 林俊傑 JJ20 FINAL LAP世界巡迴演唱會台北站｜台北大巨蛋,False,HK$ 329,6月7日(週六) - 6月8日(週日),"https://res.klook.com/image/upload/x_0,y_2,w_326,h_456,c_crop/v1741927246/events_admin/tvwajtm5qssstvnfbxn5.jpg",https://www.klook.com/zh-TW/event-detail/101027267-2025-jj-lin-concert-taipei/,101027267,,,,
台北 | 反覆演練Re-her-sal：預演,True,,2024年10月19日(週六) - 2025年12月15日(週一),"https://res.klook.com/image/upload/x_0,y_7,w_1360,h_1904,c_crop/v1729046669/events_admin/psabato73pwlvkasbzry.jpg",https://www.klook.com/zh-TW/event-detail/101026874-2024-re-her-sal-exhibition/,101026874,,,,
台北 | Art Aquarium(金魚藝術展) in Taipei,False,HK$ 51,5月11日(週日) - 5月31日(週六),https://res.klook.com/image/upload/326mm_460mm_o1y6uo.png,https://www.klook.com/zh-TW/activity/132339-art-aquarium-in-taipei/,101026675,,,,
台北 | 當自由盛開成舞｜忠泰美術館2024奧夫塞計畫｜曾令理 x 偶然設計,True,,2024年8月31日(週六) - 2025年8月31日(週日),"https://res.klook.com/image/upload/x_5,y_0,w_321,h_450,c_crop/v1725331514/events_admin/hqzdrk9nqrg01vhbh485.jpg",https://www.klook.com/zh-TW/event-detail/101026257-2024-freedom-blooms-into-dance/,101026257,,,,
高雄 | 藍寶石大歌廳《秀場傳奇》故事展 - 高雄流行音樂中心,False,HK$ 43,5月13日(週二) - 12月31日(週三),https://res.klook.com/image/upload/0806_藍寶石故事展_326x460_dk8n5p.png,https://www.klook.com/zh-TW/activity/121910-sapphire-hall-legendary-show-story-exhibition/,101025525,,,,
台南市 | 台南奇美博物館門票,False,HK$ 51,5月11日(週日) - 11月6日(週四),https://res.klook.com/image/upload/截圖_2024-07-03_下午8.42.29_xjbzp3.png,https://www.klook.com/zh-TW/activity/8875-chimei-museum-permanent-exhibition-ticket-tainan/,101025368,,,,
高雄 | 高雄市立美術館門票,False,HK$ 23,5月11日(週日) - 11月6日(週四),https://res.klook.com/image/upload/20240613_豐趣_banner_326X460_ca6b5a.jpg,https://www.klook.com/zh-TW/activity/117472-kaohsiung-museum-of-fine-art-ticket/,101025367,,,,
台北 | 幻隱光靈：屍禁,False,HK$ 566,5月11日(週日) - 5月31日(週六),https://res.klook.com/image/upload/截圖_2024-10-20_下午5.08.10_futp3h.png,https://www.klook.com/zh-TW/activity/119464-goblet-of-soul-forbidden-zone/,101025040,,,,
台北 | 幻隱光靈：仙蹤,False,HK$ 64,5月11日(週日) - 6月30日(週一),https://res.klook.com/image/upload/展演頁面活動首圖-仙蹤_326x460_x3gc83.jpg,https://www.klook.com/zh-TW/activity/119455-goblet-of-soul-wonderland/,101025039,,,,
新北 | 2025 福隆國際沙雕藝術季《迪士尼百年慶典》,False,HK$ 37,5月24日(週六) - 10月12日(週日),https://res.klook.com/image/upload/494648140_711211297923381_1765048286297120790_n_wdbo8m.jpg,https://www.klook.com/zh-TW/activity/116166-2025-fulong-international-sand-sculpture-art-festival/,101024971,,,,
台中 | 美洲瘋馬大馬戲團＆魔術泡泡歡樂世界＆后里馬場門票,False,HK$ 72,5月11日(週日) - 6月30日(週一),https://res.klook.com/image/upload/后里馬戲團part2_klook_326x460_直式_fp7eaf.png,https://www.klook.com/zh-TW/activity/118121-crazy-horse-park-circus/,101024887,,,,
高雄 | teamLab共創！未來園 高雄,False,HK$ 100,6月7日(週六) - 10月12日(週日),https://res.klook.com/image/upload/klook_全啟_326x460_wtl7bg.jpg,https://www.klook.com/zh-TW/activity/115951-teamlab-future-park/,101024374,,,,
宜蘭縣 | 2025 宜蘭國際童玩節門票,False,HK$ 51,7月5日(週六) - 8月17日(週日),https://res.klook.com/image/upload/0407宜蘭童玩節主視覺海報A1_主標彩色__O-01_ftozmx.jpg,https://www.klook.com/zh-TW/activity/115914-yilan-international-childrens-folklore-folkgame-festival/,101024373,,,,
台北 | 波隆那世界插畫大獎展,False,HK$ 75,7月12日(週六) - 10月6日(週一),https://res.klook.com/image/upload/展演頁面活動首圖-326x460_ppzsku.jpg,https://www.klook.com/zh-TW/activity/114371-bologna-illustration-exhibition/,101024136,,,,
台北 | 親子音樂劇《阿甯咕又闖禍了YA~》(售票中),False,HK$ 154,5月24日(週六) - 5月26日(週一),"https://res.klook.com/image/upload/x_0,y_2,w_326,h_456,c_crop/v1742880494/events_admin/t5sdyq17dyilngqh05ml.jpg",https://www.klook.com/zh-TW/event-detail/101023975-2024-a-nee-gu-musical/,101023975,,,,
高雄 | IMVER Museum,False,HK$ 49,2025年5月11日(週日) - 2026年3月28日(週六),https://res.klook.com/image/upload/KLOOK網頁banner_工作區域_1_0_qmdcee.jpg,https://www.klook.com/zh-TW/activity/107336-future-ai/,101023771,,,,
宜蘭縣 | 2025 宜蘭綠色博覽會,False,HK$ 39,5月11日(週日),https://res.klook.com/image/upload/KLOOK_展演頁面活動首圖_326x460_直式_rqpf00.jpg,https://www.klook.com/zh-TW/activity/109959-yilan-green-expo/,101023769,,,,
台中 | 印象派150週年光影藝術展-台中場,False,HK$ 90,5月11日(週日) - 9月6日(週六),https://res.klook.com/image/upload/klook_尺寸__展演頁面活動首圖_9_ehocip.jpg,https://www.klook.com/zh-TW/activity/98447-immersive-art-exhibition-immressionism/,101020551,,,,
高雄 | POP! POP! POP! 流行音樂互動展 - 高雄流行音樂中心,False,HK$ 25,5月11日(週日) - 11月6日(週四),https://res.klook.com/image/upload/常設展klook_326x460_frshdr.png,https://www.klook.com/zh-TW/activity/87496-pop-pop-pop-an-interactive-journey/,101016496,,,,
台北 | 愛手創日本手作祭 第七回 百職日行,False,HK$ 51,6月13日(週五) - 6月15日(週日),https://res.klook.com/image/upload/日本祭_Klook網路用圖_活動首圖326x460px_moa095.jpg,https://www.klook.com/zh-TW/activity/87261-ishands-international-craft-design-festival/,101016401,,,,
台南市 | 台南永樂町鼓茶樓：Live 秀門票,False,HK$ 126,2025年5月17日(週六) - 2026年5月2日(週六),https://res.klook.com/image/upload/0B26199B-A1AA-4998-88E6-3A098F9F50B0_1_201_a_lsrplq.jpg,https://www.klook.com/zh-TW/activity/28945-eirakucho-drum-tea-house-show-ticket-meal/,101015771,,,,
高雄 | 探索衛武營國家藝術文化中心,False,HK$ 39,5月11日(週日) - 11月6日(週四),https://res.klook.com/image/upload/fotor_2023-3-14_14_23_55_fokxt9.png,https://www.klook.com/zh-TW/activity/83320-weiwuying-concert-hall-ticket-kaohsiung/,101014811,,,,
台北 | Voices X Photo ONE 2025,False,HK$ 90,5月11日(週日) - 5月12日(週一),https://res.klook.com/image/upload/展演頁面活動首圖-800_1066_kejgb8.jpg,https://www.klook.com/zh-TW/activity/77617-voices-x-photo-one-2025/,101010133,,,,
台北 | 跨‧交‧通：從「大阪商船株式會社臺北支店」到「國家攝影文化中心臺北館」｜常設展出｜國家攝影文化中心,True,,2021年3月25日(週四) - 2025年12月31日(週三),"https://res.klook.com/image/upload/x_1,y_0,w_521,h_729,c_crop/v1663316124/events_admin/tuxbnwbu2irzgokks6hu.jpg",https://www.klook.com/zh-TW/event-detail/101009551-2022-trans-communication/,101009551,,,,
台北 | 2025 SPACEPORT 太空港音樂藝術嘉年華｜大佳河濱公園,False,HK$ 849,5月17日(週六) - 5月18日(週日),"https://res.klook.com/image/upload/x_0,y_5,w_850,h_1190,c_crop/v1742480613/events_admin/npln5g8jtvmkjrojwkpy.jpg",https://www.klook.com/zh-TW/event-detail/101008654-2022-spaceport/,101008654,,,,
台北 | 唱 我們的歌   流行音樂故事展｜門票｜臺北流行音樂中心,False,HK$ 45,5月11日(週日) - 11月6日(週四),https://res.klook.com/image/upload/展演頁面活動首圖_qqmx1m.jpg,https://www.klook.com/zh-TW/activity/70429-music-island-stories-pop-music-in-taiwan-taipei/,101004431,,,,
新竹 | 2025 風神音樂祭2.0【全家紙票入場】,False,HK$ 218,6月28日(週六) - 6月29日(週日),"https://res.klook.com/image/upload/x_235,y_0,w_3571,h_5000,c_crop/v1743066676/events_admin/gvdf8jmpb6uxvoo2hidg.jpg",https://www.klook.com/zh-TW/event-detail/102000258-wind-top-fest/,102000258,,,,
